,time,amr_wind_speed,amr_wind_direction
0,0.0,8.058415547016667,164.88132009999998
1,0.5,8.0913589303625,164.88132009999998
2,1.0,8.124302313708334,164.88132009999998
3,1.5,8.116563684441203,164.88132009999998
4,2.0,8.108825055174075,164.88132009999998
5,2.5,8.139280071600925,164.88132009999998
6,3.0,8.169735088027778,164.88132009999998
7,3.5,8.206103969354444,164.88132009999998
8,4.0,8.24247285068111,164.88132009999998
9,4.5,8.292206153198425,164.88132009999998
10,5.0,8.34193945571574,164.88132009999998
11,5.5,8.423657865000727,164.88132009999998
12,6.0,8.505376274285714,164.88132009999998
13,6.5,8.605585543715772,164.88132009999998
14,7.0,8.705794813145832,164.88132009999998
15,7.5,8.787831716088348,164.88132009999998
16,8.0,8.869868619030862,164.88132009999998
17,8.5,8.968265403143764,164.88132009999998
18,9.0,9.066662187256664,164.88132009999998
19,9.5,9.120337413586665,164.88132009999998
20,10.0,9.174012639916667,164.88132009999998
21,10.5,9.204515014204398,164.88132009999998
22,11.0,9.23501738849213,164.88132009999998
23,11.5,9.271364193588159,164.88132009999998
24,12.0,9.307710998684188,164.88132009999998
25,12.5,9.356654303053999,164.88132009999998
26,13.0,9.40559760742381,164.88132009999998
27,13.5,9.444538685399497,164.88132009999998
28,14.0,9.483479763375184,164.88132009999998
29,14.5,9.519751602578392,164.88132009999998
30,15.0,9.556023441781598,164.88132009999998
31,15.5,9.58114091474717,164.88132009999998
32,16.0,9.606258387712744,164.88132009999998
33,16.5,9.632381639908841,164.88132009999998
34,17.0,9.658504892104938,164.88132009999998
35,17.5,9.68177138059092,164.88132009999998
36,18.0,9.7050378690769,164.88132009999998
37,18.5,9.727321604064006,164.88132009999998
38,19.0,9.749605339051111,164.88132009999998
39,19.5,9.771196404742486,164.88132009999998
40,20.0,9.792787470433861,164.88132009999998
41,20.5,9.810097948690416,164.88132009999998
42,21.0,9.82740842694697,164.88132009999998
43,21.5,9.836631809418414,164.88132009999998
44,22.0,9.845855191889855,164.88132009999998
45,22.5,9.849598916098053,164.88132009999998
46,23.0,9.85334264030625,164.88132009999998
47,23.5,9.859890602727681,164.88132009999998
48,24.0,9.86643856514911,164.88132009999998
49,24.5,9.86733037888182,164.88132009999998
50,25.0,9.868222192614528,164.88132009999998
51,25.5,9.876938033636481,164.88132009999998
52,26.0,9.885653874658434,164.88132009999998
53,26.5,9.89899834036374,164.88132009999998
54,27.0,9.912342806069047,164.88132009999998
55,27.5,9.92492535921048,164.88132009999998
56,28.0,9.937507912351915,164.88132009999998
57,28.5,9.957373735919752,164.88132009999998
58,29.0,9.977239559487591,164.88132009999998
59,29.5,9.99471864111288,164.88132009999998
60,30.0,10.01219772273817,164.88132009999998
61,30.5,10.019884823634623,164.88132009999998
62,31.0,10.027571924531074,164.88132009999998
63,31.5,10.028640481632454,164.88132009999998
64,32.0,10.029709038733836,164.88132009999998
65,32.5,10.030693695813241,164.88132009999998
66,33.0,10.031678352892644,164.88132009999998
67,33.5,10.031780839172988,164.88132009999998
68,34.0,10.03188332545333,164.88132009999998
69,34.5,10.03209700457651,164.88132009999998
70,35.0,10.032310683699688,164.88132009999998
71,35.5,10.037882930187605,164.88132009999998
72,36.0,10.043455176675522,164.88132009999998
73,36.5,10.046390240163856,164.88132009999998
74,37.0,10.04932530365219,164.88132009999998
75,37.5,10.049539061916905,164.88132009999998
76,38.0,10.04975282018162,164.88132009999998
77,38.5,10.048802705930878,164.88132009999998
78,39.0,10.047852591680138,164.88132009999998
79,39.5,10.051960872329296,164.88132009999998
80,40.0,10.056069152978456,164.88132009999998
81,40.5,10.057995899457085,164.88132009999998
82,41.0,10.059922645935714,164.88132009999998
83,41.5,10.061086165434784,164.88132009999998
84,42.0,10.062249684933851,164.88132009999998
85,42.5,10.062045994562506,164.88132009999998
86,43.0,10.061842304191162,164.88132009999998
87,43.5,10.061811739434841,164.88132009999998
88,44.0,10.061781174678519,164.88132009999998
89,44.5,10.059451293657133,164.88132009999998
90,45.0,10.05712141263575,164.88132009999998
91,45.5,10.05387105751291,164.88132009999998
92,46.0,10.050620702390072,164.88132009999998
93,46.5,10.047608688620151,164.88132009999998
94,47.0,10.044596674850231,164.88132009999998
95,47.5,10.042153314123244,164.88132009999998
96,48.0,10.039709953396258,164.88132009999998
97,48.5,10.038419800080407,164.88132009999998
98,49.0,10.037129646764555,164.88132009999998
99,49.5,10.036980508398564,164.88132009999998
100,50.0,10.036831370032571,164.88132009999998
101,50.5,10.039201718427877,164.88132009999998
102,51.0,10.041572066823184,164.88132009999998
103,51.5,10.044674140992253,164.88132009999998
104,52.0,10.04777621516132,164.88132009999998
105,52.5,10.0474897532767,164.88132009999998
106,53.0,10.047203291392078,164.88132009999998
107,53.5,10.049732565676342,164.88132009999998
108,54.0,10.052261839960606,164.88132009999998
109,54.5,10.051619033794886,164.88132009999998
110,55.0,10.050976227629166,164.88132009999998
111,55.5,10.04936386776351,164.88132009999998
112,56.0,10.047751507897855,164.88132009999998
113,56.5,10.048418532679339,164.88132009999998
114,57.0,10.049085557460822,164.88132009999998
115,57.5,10.05114745531106,164.88132009999998
116,58.0,10.053209353161296,164.88132009999998
117,58.5,10.058026245763934,164.88132009999998
118,59.0,10.06284313836657,164.88132009999998
119,59.5,10.085948143720739,164.88132009999998
120,60.0,10.109053149074905,164.88132009999998
121,60.5,10.12847095297069,164.88132009999998
122,61.0,10.147888756866479,164.88132009999998
123,61.5,10.169768852718887,164.88132009999998
124,62.0,10.191648948571295,164.88132009999998
125,62.5,10.211091297464119,164.88132009999998
126,63.0,10.230533646356943,164.88132009999998
127,63.5,10.246657268795646,164.88132009999998
128,64.0,10.26278089123435,164.88132009999998
129,64.5,10.27562571812949,164.88132009999998
130,65.0,10.288470545024628,164.88132009999998
131,65.5,10.29354895246648,164.88132009999998
132,66.0,10.298627359908332,164.88132009999998
133,66.5,10.29690110559764,164.88132009999998
134,67.0,10.295174851286946,164.88132009999998
135,67.5,10.292437218981853,164.88132009999998
136,68.0,10.28969958667676,164.88132009999998
137,68.5,10.282207169196806,164.88132009999998
138,69.0,10.27471475171685,164.88132009999998
139,69.5,10.271117921903702,164.88132009999998
140,70.0,10.267521092090554,164.88132009999998
141,70.5,10.270000263723517,164.88132009999998
142,71.0,10.272479435356482,164.88132009999998
143,71.5,10.274445872695232,164.88132009999998
144,72.0,10.276412310033981,164.88132009999998
145,72.5,10.27444593184088,164.88132009999998
146,73.0,10.272479553647777,164.88132009999998
147,73.5,10.271059822924954,164.88132009999998
148,74.0,10.26964009220213,164.88132009999998
149,74.5,10.270794647731943,164.88132009999998
150,75.0,10.271949203261757,164.88132009999998
151,75.5,10.27408183257171,164.88132009999998
152,76.0,10.276214461881663,164.88132009999998
153,76.5,10.274131801258562,164.88132009999998
154,77.0,10.272049140635461,164.88132009999998
155,77.5,10.268370648559998,164.88132009999998
156,78.0,10.264692156484536,164.88132009999998
157,78.5,10.265100024054767,164.88132009999998
158,79.0,10.265507891624999,164.88132009999998
159,79.5,10.266879925703055,164.88132009999998
160,80.0,10.268251959781113,164.88132009999998
161,80.5,10.266766400696806,164.88132009999998
162,81.0,10.2652808416125,164.88132009999998
163,81.5,10.26429509685037,164.88132009999998
164,82.0,10.26330935208824,164.88132009999998
165,82.5,10.267252596696249,164.88132009999998
166,83.0,10.271195841304259,164.88132009999998
167,83.5,10.274811411795925,164.88132009999998
168,84.0,10.278426982287591,164.88132009999998
169,84.5,10.28775698779037,164.88132009999998
170,85.0,10.297086993293147,164.88132009999998
171,85.5,10.301260039899583,164.88132009999998
172,86.0,10.305433086506019,164.88132009999998
173,86.5,10.306580833135186,164.88132009999998
174,87.0,10.307728579764353,164.88132009999998
175,87.5,10.309052891572826,164.88132009999998
176,88.0,10.310377203381297,164.88132009999998
177,88.5,10.307737381366806,164.88132009999998
178,89.0,10.305097559352314,164.88132009999998
179,89.5,10.307547905601295,164.88132009999998
180,90.0,10.309998251850276,164.88132009999998
181,90.5,10.318553293229721,164.88132009999998
182,91.0,10.327108334609166,164.88132009999998
183,91.5,10.336407436212824,164.88132009999998
184,92.0,10.345706537816483,164.88132009999998
185,92.5,10.354096258170463,164.88132009999998
186,93.0,10.362485978524443,164.88132009999998
187,93.5,10.372944812168472,164.88132009999998
188,94.0,10.3834036458125,164.88132009999998
189,94.5,10.393739798867824,164.88132009999998
190,95.0,10.404075951923147,164.88132009999998
191,95.5,10.409470703663148,164.88132009999998
192,96.0,10.414865455403149,164.88132009999998
193,96.5,10.41935900229514,164.88132009999998
194,97.0,10.423852549187131,164.88132009999998
195,97.5,10.429216780878797,164.88132009999998
196,98.0,10.434581012570463,164.88132009999998
197,98.5,10.44064682651389,164.88132009999998
198,99.0,10.446712640457315,164.88132009999998
199,99.5,10.455798494884768,164.88132009999998
200,100.0,10.464884349312221,164.88132009999998
201,100.5,10.475775977884489,164.88132009999998
202,101.0,10.486667606456757,164.88132009999998
203,101.5,10.500831353297082,164.88132009999998
204,102.0,10.514995100137407,164.88132009999998
205,102.5,10.533286130346573,164.88132009999998
206,103.0,10.55157716055574,164.88132009999998
207,103.5,10.569737981471526,164.88132009999998
208,104.0,10.587898802387313,164.88132009999998
209,104.5,10.606727342883516,164.88132009999998
210,105.0,10.625555883379722,164.88132009999998
211,105.5,10.638526003924259,164.88132009999998
212,106.0,10.651496124468796,164.88132009999998
213,106.5,10.65872594234759,164.88132009999998
214,107.0,10.665955760226385,164.88132009999998
215,107.5,10.670434500519349,164.88132009999998
216,108.0,10.674913240812314,164.88132009999998
217,108.5,10.681934803064951,164.88132009999998
218,109.0,10.68895636531759,164.88132009999998
219,109.5,10.696202892735878,164.88132009999998
220,110.0,10.703449420154165,164.88132009999998
221,110.5,10.707272212861943,164.88132009999998
222,111.0,10.711095005569721,164.88132009999998
223,111.5,10.716890133420648,164.88132009999998
224,112.0,10.722685261271574,164.88132009999998
225,112.5,10.733717761145925,164.88132009999998
226,113.0,10.744750261020275,164.88132009999998
227,113.5,10.753549219574118,164.88132009999998
228,114.0,10.76234817812796,164.88132009999998
229,114.5,10.774050308866155,164.88132009999998
230,115.0,10.78575243960435,164.88132009999998
231,115.5,10.797466379806618,164.88132009999998
232,116.0,10.809180320008888,164.88132009999998
233,116.5,10.816958283366759,164.88132009999998
234,117.0,10.82473624672463,164.88132009999998
235,117.5,10.832501186940789,164.88132009999998
236,118.0,10.840266127156946,164.88132009999998
237,118.5,10.846963035743798,164.88132009999998
238,119.0,10.85365994433065,164.88132009999998
239,119.5,10.856515580099817,164.88132009999998
240,120.0,10.859371215868983,164.88132009999998
241,120.5,10.862984317960972,164.88132009999998
242,121.0,10.866597420052964,164.88132009999998
243,121.5,10.869831348333566,164.88132009999998
244,122.0,10.873065276614168,164.88132009999998
245,122.5,10.875420685531436,164.88132009999998
246,123.0,10.877776094448704,164.88132009999998
247,123.5,10.879493689434259,164.88132009999998
248,124.0,10.881211284419814,164.88132009999998
249,124.5,10.882172129832455,164.88132009999998
250,125.0,10.883132975245093,164.88132009999998
251,125.5,10.884700699925649,164.88132009999998
252,126.0,10.886268424606204,164.88132009999998
253,126.5,10.88978226495551,164.88132009999998
254,127.0,10.893296105304815,164.88132009999998
255,127.5,10.89972638583125,164.88132009999998
256,128.0,10.906156666357685,164.88132009999998
257,128.5,10.91118220541162,164.88132009999998
258,129.0,10.916207744465556,164.88132009999998
259,129.5,10.920295401665463,164.88132009999998
260,130.0,10.92438305886537,164.88132009999998
261,130.5,10.923609658004722,164.88132009999998
262,131.0,10.922836257144075,164.88132009999998
263,131.5,10.917280032346806,164.88132009999998
264,132.0,10.911723807549539,164.88132009999998
265,132.5,10.905251701664028,164.88132009999998
266,133.0,10.898779595778517,164.88132009999998
267,133.5,10.896726414866066,164.88132009999998
268,134.0,10.894673233953613,164.88132009999998
269,134.5,10.888964602963057,164.88132009999998
270,135.0,10.8832559719725,164.88132009999998
271,135.5,10.876424148437685,164.88132009999998
272,136.0,10.86959232490287,164.88132009999998
273,136.5,10.870578015659213,164.88132009999998
274,137.0,10.871563706415555,164.88132009999998
275,137.5,10.876909712383195,164.88132009999998
276,138.0,10.882255718350835,164.88132009999998
277,138.5,10.887146241596344,164.88132009999998
278,139.0,10.892036764841853,164.88132009999998
279,139.5,10.896530323428887,164.88132009999998
280,140.0,10.901023882015924,164.88132009999998
281,140.5,10.90919705443449,164.88132009999998
282,141.0,10.917370226853054,164.88132009999998
283,141.5,10.927609007325369,164.88132009999998
284,142.0,10.937847787797683,164.88132009999998
285,142.5,10.940457534026617,164.88132009999998
286,143.0,10.943067280255553,164.88132009999998
287,143.5,10.938945920166944,164.88132009999998
288,144.0,10.934824560078333,164.88132009999998
289,144.5,10.927550643085091,164.88132009999998
290,145.0,10.920276726091851,164.88132009999998
291,145.5,10.917448623590277,164.88132009999998
292,146.0,10.914620521088702,164.88132009999998
293,146.5,10.915043386848147,164.88132009999998
294,147.0,10.915466252607592,164.88132009999998
295,147.5,10.917256149870417,164.88132009999998
296,148.0,10.919046047133241,164.88132009999998
297,148.5,10.92229172491287,164.88132009999998
298,149.0,10.925537402692502,164.88132009999998
299,149.5,10.925516080164908,164.88132009999998
300,150.0,10.925494757637315,164.88132009999998
301,150.5,10.921553762798657,164.88132009999998
302,151.0,10.91761276796,164.88132009999998
303,151.5,10.915056323059167,164.88132009999998
304,152.0,10.912499878158334,164.88132009999998
305,152.5,10.911014311252499,164.88132009999998
306,153.0,10.909528744346664,164.88132009999998
307,153.5,10.906483123667776,164.88132009999998
308,154.0,10.903437502988888,164.88132009999998
309,154.5,10.90191255424375,164.88132009999998
310,155.0,10.900387605498612,164.88132009999998
311,155.5,10.900627530490741,164.88132009999998
312,156.0,10.90086745548287,164.88132009999998
313,156.5,10.900713501074028,164.88132009999998
314,157.0,10.900559546665185,164.88132009999998
315,157.5,10.904386828333982,164.88132009999998
316,158.0,10.908214110002778,164.88132009999998
317,158.5,10.913488778050278,164.88132009999998
318,159.0,10.918763446097778,164.88132009999998
319,159.5,10.916851543653795,164.88132009999998
320,160.0,10.914939641209815,164.88132009999998
321,160.5,10.91280333332361,164.88132009999998
322,161.0,10.910667025437407,164.88132009999998
323,161.5,10.904795044297408,164.88132009999998
324,162.0,10.898923063157408,164.88132009999998
325,162.5,10.890265991288935,164.88132009999998
326,163.0,10.881608919420463,164.88132009999998
327,163.5,10.869897053785325,164.88132009999998
328,164.0,10.858185188150186,164.88132009999998
329,164.5,10.845789830116203,164.88132009999998
330,165.0,10.833394472082222,164.88132009999998
331,165.5,10.82468630835551,164.88132009999998
332,166.0,10.815978144628795,164.88132009999998
333,166.5,10.811762273072038,164.88132009999998
334,167.0,10.807546401515278,164.88132009999998
335,167.5,10.8067829453175,164.88132009999998
336,168.0,10.806019489119723,164.88132009999998
337,168.5,10.802056881314073,164.88132009999998
338,169.0,10.798094273508424,164.88132009999998
339,169.5,10.797592682284119,164.88132009999998
340,170.0,10.797091091059814,164.88132009999998
341,170.5,10.80081621538185,164.88132009999998
342,171.0,10.804541339703887,164.88132009999998
343,171.5,10.808801008017173,164.88132009999998
344,172.0,10.81306067633046,164.88132009999998
345,172.5,10.81562427502407,164.88132009999998
346,173.0,10.818187873717683,164.88132009999998
347,173.5,10.820027183966435,164.88132009999998
348,174.0,10.821866494215184,164.88132009999998
349,174.5,10.82268205363199,164.88132009999998
350,175.0,10.823497613048795,164.88132009999998
351,175.5,10.8236482210356,164.88132009999998
352,176.0,10.823798829022405,164.88132009999998
353,176.5,10.828858693409675,164.88132009999998
354,177.0,10.833918557796945,164.88132009999998
355,177.5,10.835695172839259,164.88132009999998
356,178.0,10.837471787881574,164.88132009999998
357,178.5,10.836944512547824,164.88132009999998
358,179.0,10.836417237214073,164.88132009999998
359,179.5,10.831851544922314,164.88132009999998
360,180.0,10.827285852630554,164.88132009999998
361,180.5,10.822615724767221,164.88132009999998
362,181.0,10.817945596903888,164.88132009999998
363,181.5,10.813182893214304,164.88132009999998
364,182.0,10.808420189524721,164.88132009999998
365,182.5,10.804132138898378,164.88132009999998
366,183.0,10.799844088272035,164.88132009999998
367,183.5,10.797175986294768,164.88132009999998
368,184.0,10.7945078843175,164.88132009999998
369,184.5,10.789725522595926,164.88132009999998
370,185.0,10.78494316087435,164.88132009999998
371,185.5,10.78342456954148,164.88132009999998
372,186.0,10.781905978208611,164.88132009999998
373,186.5,10.77881363596875,164.88132009999998
374,187.0,10.775721293728887,164.88132009999998
375,187.5,10.766714135044488,164.88132009999998
376,188.0,10.75770697636009,164.88132009999998
377,188.5,10.74826507757074,164.88132009999998
378,189.0,10.738823178781386,164.88132009999998
379,189.5,10.731343828318192,164.88132009999998
380,190.0,10.723864477854997,164.88132009999998
381,190.5,10.721116963086804,164.88132009999998
382,191.0,10.718369448318608,164.88132009999998
383,191.5,10.719929907991709,164.88132009999998
384,192.0,10.721490367664812,164.88132009999998
385,192.5,10.72509779877671,164.88132009999998
386,193.0,10.72870522988861,164.88132009999998
387,193.5,10.72827428143685,164.88132009999998
388,194.0,10.72784333298509,164.88132009999998
389,194.5,10.726251412445599,164.88132009999998
390,195.0,10.724659491906108,164.88132009999998
391,195.5,10.72418692264685,164.88132009999998
392,196.0,10.72371435338759,164.88132009999998
393,196.5,10.716200202414626,164.88132009999998
394,197.0,10.708686051441664,164.88132009999998
395,197.5,10.701898527326897,164.88132009999998
396,198.0,10.695111003212128,164.88132009999998
397,198.5,10.685611807634814,164.88132009999998
398,199.0,10.676112612057498,164.88132009999998
399,199.5,10.664653042911201,164.88132009999998
400,200.0,10.653193473764906,164.88132009999998
401,200.5,10.64334552706514,164.88132009999998
402,201.0,10.633497580365372,164.88132009999998
403,201.5,10.62320869995352,164.88132009999998
404,202.0,10.612919819541668,164.88132009999998
405,202.5,10.606864742321159,164.88132009999998
406,203.0,10.60080966510065,164.88132009999998
407,203.5,10.59915894872153,164.88132009999998
408,204.0,10.59750823234241,164.88132009999998
409,204.5,10.598281157132735,164.88132009999998
410,205.0,10.59905408192306,164.88132009999998
411,205.5,10.597160579511439,164.88132009999998
412,206.0,10.595267077099816,164.88132009999998
413,206.5,10.590619403352918,164.88132009999998
414,207.0,10.585971729606019,164.88132009999998
415,207.5,10.580568939570185,164.88132009999998
416,208.0,10.575166149534352,164.88132009999998
417,208.5,10.568448633828982,164.88132009999998
418,209.0,10.56173111812361,164.88132009999998
419,209.5,10.553054697434213,164.88132009999998
420,210.0,10.544378276744816,164.88132009999998
421,210.5,10.53843018536088,164.88132009999998
422,211.0,10.532482093976945,164.88132009999998
423,211.5,10.52649643236852,164.88132009999998
424,212.0,10.520510770760094,164.88132009999998
425,212.5,10.514482271537917,164.88132009999998
426,213.0,10.50845377231574,164.88132009999998
427,213.5,10.504883203021386,164.88132009999998
428,214.0,10.501312633727034,164.88132009999998
429,214.5,10.49578611948722,164.88132009999998
430,215.0,10.490259605247406,164.88132009999998
431,215.5,10.483910195519165,164.88132009999998
432,216.0,10.477560785790926,164.88132009999998
433,216.5,10.474285820412268,164.88132009999998
434,217.0,10.47101085503361,164.88132009999998
435,217.5,10.46601048625199,164.88132009999998
436,218.0,10.461010117470371,164.88132009999998
437,218.5,10.453628024874444,164.88132009999998
438,219.0,10.446245932278517,164.88132009999998
439,219.5,10.439742887855694,164.88132009999998
440,220.0,10.433239843432869,164.88132009999998
441,220.5,10.425569738943054,164.88132009999998
442,221.0,10.417899634453239,164.88132009999998
443,221.5,10.412278187053193,164.88132009999998
444,222.0,10.406656739653146,164.88132009999998
445,222.5,10.400885754549257,164.88132009999998
446,223.0,10.39511476944537,164.88132009999998
447,223.5,10.39195261187611,164.88132009999998
448,224.0,10.38879045430685,164.88132009999998
449,224.5,10.387238397934212,164.88132009999998
450,225.0,10.385686341561572,164.88132009999998
451,225.5,10.390856645697593,164.88132009999998
452,226.0,10.396026949833612,164.88132009999998
453,226.5,10.404746483678009,164.88132009999998
454,227.0,10.413466017522406,164.88132009999998
455,227.5,10.418768039612775,164.88132009999998
456,228.0,10.424070061703146,164.88132009999998
457,228.5,10.431748521819351,164.88132009999998
458,229.0,10.439426981935554,164.88132009999998
459,229.5,10.440269642350184,164.88132009999998
460,230.0,10.441112302764815,164.88132009999998
461,230.5,10.440791130274814,164.88132009999998
462,231.0,10.440469957784815,164.88132009999998
463,231.5,10.43684870670375,164.88132009999998
464,232.0,10.433227455622683,164.88132009999998
465,232.5,10.42842287755912,164.88132009999998
466,233.0,10.423618299495557,164.88132009999998
467,233.5,10.420865767850461,164.88132009999998
468,234.0,10.418113236205368,164.88132009999998
469,234.5,10.415917945507775,164.88132009999998
470,235.0,10.413722654810185,164.88132009999998
471,235.5,10.415221933599119,164.88132009999998
472,236.0,10.416721212388053,164.88132009999998
473,236.5,10.413431481752731,164.88132009999998
474,237.0,10.410141751117408,164.88132009999998
475,237.5,10.40803997199875,164.88132009999998
476,238.0,10.405938192880091,164.88132009999998
477,238.5,10.401856636099398,164.88132009999998
478,239.0,10.397775079318704,164.88132009999998
479,239.5,10.399250495296805,164.88132009999998
480,240.0,10.400725911274908,164.88132009999998
481,240.5,10.40369882370199,164.88132009999998
482,241.0,10.406671736129075,164.88132009999998
483,241.5,10.406761984343149,164.88132009999998
484,242.0,10.406852232557222,164.88132009999998
485,242.5,10.408779440241249,164.88132009999998
486,243.0,10.410706647925275,164.88132009999998
487,243.5,10.413789695210507,164.88132009999998
488,244.0,10.416872742495737,164.88132009999998
489,244.5,10.424154343357866,164.88132009999998
490,245.0,10.431435944219997,164.88132009999998
491,245.5,10.435939346385968,164.88132009999998
492,246.0,10.440442748551941,164.88132009999998
493,246.5,10.443628872548654,164.88132009999998
494,247.0,10.446814996545367,164.88132009999998
495,247.5,10.453593609779766,164.88132009999998
496,248.0,10.460372223014165,164.88132009999998
497,248.5,10.472838618100184,164.88132009999998
498,249.0,10.485305013186204,164.88132009999998
499,249.5,10.497894074484213,164.88132009999998
500,250.0,10.510483135782222,164.88132009999998
501,250.5,10.521389656170928,164.88132009999998
502,251.0,10.532296176559633,164.88132009999998
503,251.5,10.544639473759817,164.88132009999998
504,252.0,10.556982770960001,164.88132009999998
505,252.5,10.568332592153059,164.88132009999998
506,253.0,10.579682413346115,164.88132009999998
507,253.5,10.590108690066995,164.88132009999998
508,254.0,10.600534966787873,164.88132009999998
509,254.5,10.614686141900371,164.88132009999998
510,255.0,10.62883731701287,164.88132009999998
511,255.5,10.66001658746986,164.88132009999998
512,256.0,10.69119585792685,164.88132009999998
513,256.5,10.720903417500693,164.88132009999998
514,257.0,10.750610977074537,164.88132009999998
515,257.5,10.768906734838565,164.88132009999998
516,258.0,10.787202492602592,164.88132009999998
517,258.5,10.798521532955231,164.88132009999998
518,259.0,10.809840573307872,164.88132009999998
519,259.5,10.818396752980323,164.88132009999998
520,260.0,10.826952932652777,164.88132009999998
521,260.5,10.832550604023702,164.88132009999998
522,261.0,10.838148275394628,164.88132009999998
523,261.5,10.844544410780834,164.88132009999998
524,262.0,10.850940546167038,164.88132009999998
525,262.5,10.859503921272594,164.88132009999998
526,263.0,10.86806729637815,164.88132009999998
527,263.5,10.87680514287727,164.88132009999998
528,264.0,10.885542989376388,164.88132009999998
529,264.5,10.887346545261435,164.88132009999998
530,265.0,10.889150101146482,164.88132009999998
531,265.5,10.88980173191875,164.88132009999998
532,266.0,10.890453362691018,164.88132009999998
533,266.5,10.893636474580138,164.88132009999998
534,267.0,10.896819586469258,164.88132009999998
535,267.5,10.899220787601017,164.88132009999998
536,268.0,10.901621988732778,164.88132009999998
537,268.5,10.904546081716159,164.88132009999998
538,269.0,10.907470174699538,164.88132009999998
539,269.5,10.908136060168935,164.88132009999998
540,270.0,10.908801945638332,164.88132009999998
541,270.5,10.906487647490462,164.88132009999998
542,271.0,10.90417334934259,164.88132009999998
543,271.5,10.905399489282406,164.88132009999998
544,272.0,10.906625629222221,164.88132009999998
545,272.5,10.906599039901295,164.88132009999998
546,273.0,10.906572450580368,164.88132009999998
547,273.5,10.903982258841296,164.88132009999998
548,274.0,10.901392067102222,164.88132009999998
549,274.5,10.89907025991523,164.88132009999998
550,275.0,10.896748452728241,164.88132009999998
551,275.5,10.89322033093963,164.88132009999998
552,276.0,10.889692209151018,164.88132009999998
553,276.5,10.887232039957038,164.88132009999998
554,277.0,10.884771870763055,164.88132009999998
555,277.5,10.881183688728981,164.88132009999998
556,278.0,10.877595506694908,164.88132009999998
557,278.5,10.877566624027546,164.88132009999998
558,279.0,10.877537741360184,164.88132009999998
559,279.5,10.878799031394815,164.88132009999998
560,280.0,10.880060321429445,164.88132009999998
561,280.5,10.882187927605278,164.88132009999998
562,281.0,10.88431553378111,164.88132009999998
563,281.5,10.886500168131297,164.88132009999998
564,282.0,10.888684802481484,164.88132009999998
565,282.5,10.889862195531574,164.88132009999998
566,283.0,10.891039588581666,164.88132009999998
567,283.5,10.888833724742824,164.88132009999998
568,284.0,10.886627860903982,164.88132009999998
569,284.5,10.881880324199628,164.88132009999998
570,285.0,10.877132787495276,164.88132009999998
571,285.5,10.86740403894208,164.88132009999998
572,286.0,10.857675290388887,164.88132009999998
573,286.5,10.84551899094523,164.88132009999998
574,287.0,10.833362691501572,164.88132009999998
575,287.5,10.82256396815361,164.88132009999998
576,288.0,10.811765244805647,164.88132009999998
577,288.5,10.796204810059258,164.88132009999998
578,289.0,10.780644375312868,164.88132009999998
579,289.5,10.76515987538472,164.88132009999998
580,290.0,10.749675375456572,164.88132009999998
581,290.5,10.732315929356247,164.88132009999998
582,291.0,10.714956483255923,164.88132009999998
583,291.5,10.698821792610508,164.88132009999998
584,292.0,10.682687101965092,164.88132009999998
585,292.5,10.668765173522544,164.88132009999998
586,293.0,10.654843245079999,164.88132009999998
587,293.5,10.63800097135773,164.88132009999998
588,294.0,10.621158697635463,164.88132009999998
589,294.5,10.604011647133195,164.88132009999998
590,295.0,10.586864596630924,164.88132009999998
591,295.5,10.568981936283055,164.88132009999998
592,296.0,10.551099275935185,164.88132009999998
593,296.5,10.534033313446109,164.88132009999998
594,297.0,10.516967350957035,164.88132009999998
595,297.5,10.505268128784305,164.88132009999998
596,298.0,10.493568906611573,164.88132009999998
597,298.5,10.486184176075046,164.88132009999998
598,299.0,10.478799445538518,164.88132009999998
599,299.5,10.473552590471343,164.88132009999998
600,300.0,10.468305735404165,164.88132009999998
601,300.5,10.457857277575414,164.88132009999998
602,301.0,10.447408819746665,164.88132009999998
603,301.5,10.438898987840645,164.88132009999998
604,302.0,10.430389155934627,164.88132009999998
605,302.5,10.420288755943009,164.88132009999998
606,303.0,10.410188355951389,164.88132009999998
607,303.5,10.39974222126537,164.88132009999998
608,304.0,10.38929608657935,164.88132009999998
609,304.5,10.378311023451573,164.88132009999998
610,305.0,10.367325960323795,164.88132009999998
611,305.5,10.359271142146202,164.88132009999998
612,306.0,10.35121632396861,164.88132009999998
613,306.5,10.34032878009611,164.88132009999998
614,307.0,10.32944123622361,164.88132009999998
615,307.5,10.315235565175,164.88132009999998
616,308.0,10.301029894126389,164.88132009999998
617,308.5,10.282578873374677,164.88132009999998
618,309.0,10.264127852622964,164.88132009999998
619,309.5,10.242530695100093,164.88132009999998
620,310.0,10.22093353757722,164.88132009999998
621,310.5,10.200038242167823,164.88132009999998
622,311.0,10.179142946758425,164.88132009999998
623,311.5,10.159804967140417,164.88132009999998
624,312.0,10.140466987522409,164.88132009999998
625,312.5,10.121691272805418,164.88132009999998
626,313.0,10.102915558088426,164.88132009999998
627,313.5,10.085384148474306,164.88132009999998
628,314.0,10.067852738860186,164.88132009999998
629,314.5,10.044614685742964,164.88132009999998
630,315.0,10.02137663262574,164.88132009999998
631,315.5,9.982457738524722,164.88132009999998
632,316.0,9.943538844423705,164.88132009999998
633,316.5,9.909751384445277,164.88132009999998
634,317.0,9.87596392446685,164.88132009999998
635,317.5,9.850342536300602,164.88132009999998
636,318.0,9.824721148134351,164.88132009999998
637,318.5,9.80464132476412,164.88132009999998
638,319.0,9.784561501393886,164.88132009999998
639,319.5,9.763885294203146,164.88132009999998
640,320.0,9.743209087012406,164.88132009999998
641,320.5,9.731181664744213,164.88132009999998
642,321.0,9.719154242476018,164.88132009999998
643,321.5,9.70970763378611,164.88132009999998
644,322.0,9.700261025096204,164.88132009999998
645,322.5,9.690397089256898,164.88132009999998
646,323.0,9.680533153417594,164.88132009999998
647,323.5,9.670873013816252,164.88132009999998
648,324.0,9.661212874214907,164.88132009999998
649,324.5,9.657998560687176,164.88132009999998
650,325.0,9.654784247159446,164.88132009999998
651,325.5,9.651993918093103,164.88132009999998
652,326.0,9.64920358902676,164.88132009999998
653,326.5,9.642892043537962,164.88132009999998
654,327.0,9.636580498049167,164.88132009999998
655,327.5,9.630008488236296,164.88132009999998
656,328.0,9.623436478423423,164.88132009999998
657,328.5,9.616658490687776,164.88132009999998
658,329.0,9.609880502952127,164.88132009999998
659,329.5,9.604214503012496,164.88132009999998
660,330.0,9.598548503072866,164.88132009999998
661,330.5,9.593731267468144,164.88132009999998
662,331.0,9.588914031863423,164.88132009999998
663,331.5,9.57938816644069,164.88132009999998
664,332.0,9.56986230101796,164.88132009999998
665,332.5,9.564773030442405,164.88132009999998
666,333.0,9.55968375986685,164.88132009999998
667,333.5,9.56172139754134,164.88132009999998
668,334.0,9.563759035215831,164.88132009999998
669,334.5,9.566377837433102,164.88132009999998
670,335.0,9.568996639650372,164.88132009999998
671,335.5,9.575425291660231,164.88132009999998
672,336.0,9.581853943670092,164.88132009999998
673,336.5,9.58817536864236,164.88132009999998
674,337.0,9.594496793614631,164.88132009999998
675,337.5,9.600345326410277,164.88132009999998
676,338.0,9.606193859205925,164.88132009999998
677,338.5,9.608313481017223,164.88132009999998
678,339.0,9.61043310282852,164.88132009999998
679,339.5,9.610368998257268,164.88132009999998
680,340.0,9.610304893686019,164.88132009999998
681,340.5,9.610686940232824,164.88132009999998
682,341.0,9.61106898677963,164.88132009999998
683,341.5,9.610304758708796,164.88132009999998
684,342.0,9.609540530637963,164.88132009999998
685,342.5,9.608034184018564,164.88132009999998
686,343.0,9.606527837399167,164.88132009999998
687,343.5,9.606910630715648,164.88132009999998
688,344.0,9.607293424032129,164.88132009999998
689,344.5,9.610366680999304,164.88132009999998
690,345.0,9.61343993796648,164.88132009999998
691,345.5,9.616976363610414,164.88132009999998
692,346.0,9.620512789254349,164.88132009999998
693,346.5,9.62396166689907,164.88132009999998
694,347.0,9.627410544543794,164.88132009999998
695,347.5,9.633188978498286,164.88132009999998
696,348.0,9.638967412452775,164.88132009999998
697,348.5,9.646904478051109,164.88132009999998
698,349.0,9.654841543649441,164.88132009999998
699,349.5,9.66582302168685,164.88132009999998
700,350.0,9.676804499724257,164.88132009999998
701,350.5,9.688848943275694,164.88132009999998
702,351.0,9.70089338682713,164.88132009999998
703,351.5,9.714132732253795,164.88132009999998
704,352.0,9.727372077680462,164.88132009999998
705,352.5,9.73953579267736,164.88132009999998
706,353.0,9.751699507674259,164.88132009999998
707,353.5,9.767981045417962,164.88132009999998
708,354.0,9.784262583161667,164.88132009999998
709,354.5,9.802361209150835,164.88132009999998
710,355.0,9.820459835140001,164.88132009999998
711,355.5,9.834740253475463,164.88132009999998
712,356.0,9.849020671810926,164.88132009999998
713,356.5,9.860043803804214,164.88132009999998
714,357.0,9.871066935797502,164.88132009999998
715,357.5,9.876469497295743,164.88132009999998
716,358.0,9.881872058793983,164.88132009999998
717,358.5,9.883123181214955,164.88132009999998
718,359.0,9.884374303635926,164.88132009999998
719,359.5,9.887043298608194,164.88132009999998
720,360.0,9.889712293580464,164.88132009999998
721,360.5,9.896499973976805,164.88132009999998
722,361.0,9.903287654373148,164.88132009999998
723,361.5,9.912743728005555,164.88132009999998
724,362.0,9.922199801637962,164.88132009999998
725,362.5,9.930812456763473,164.88132009999998
726,363.0,9.939425111888983,164.88132009999998
727,363.5,9.949360416338614,164.88132009999998
728,364.0,9.959295720788242,164.88132009999998
729,364.5,9.968683469874446,164.88132009999998
730,365.0,9.978071218960647,164.88132009999998
731,365.5,9.986542245585694,164.88132009999998
732,366.0,9.995013272210741,164.88132009999998
733,366.5,10.009093039158333,164.88132009999998
734,367.0,10.023172806105924,164.88132009999998
735,367.5,10.04091473370449,164.88132009999998
736,368.0,10.058656661303054,164.88132009999998
737,368.5,10.07579319266986,164.88132009999998
738,369.0,10.092929724036667,164.88132009999998
739,369.5,10.11134058131773,164.88132009999998
740,370.0,10.129751438598795,164.88132009999998
741,370.5,10.14471864458,164.88132009999998
742,371.0,10.159685850561203,164.88132009999998
743,371.5,10.171131575752312,164.88132009999998
744,372.0,10.182577300943423,164.88132009999998
745,372.5,10.195553287857267,164.88132009999998
746,373.0,10.208529274771111,164.88132009999998
747,373.5,10.222277620420138,164.88132009999998
748,374.0,10.236025966069166,164.88132009999998
749,374.5,10.25482054869486,164.88132009999998
750,375.0,10.273615131320556,164.88132009999998
751,375.5,10.292199655197223,164.88132009999998
752,376.0,10.31078417907389,164.88132009999998
753,376.5,10.327150011880649,164.88132009999998
754,377.0,10.343515844687408,164.88132009999998
755,377.5,10.36013212966676,164.88132009999998
756,378.0,10.37674841464611,164.88132009999998
757,378.5,10.392589528492362,164.88132009999998
758,379.0,10.408430642338612,164.88132009999998
759,379.5,10.429052256531806,164.88132009999998
760,380.0,10.449673870725,164.88132009999998
761,380.5,10.46187410815963,164.88132009999998
762,381.0,10.47407434559426,164.88132009999998
763,381.5,10.481784389337594,164.88132009999998
764,382.0,10.489494433080926,164.88132009999998
765,382.5,10.495090626481065,164.88132009999998
766,383.0,10.500686819881203,164.88132009999998
767,383.5,10.506655976725185,164.88132009999998
768,384.0,10.512625133569166,164.88132009999998
769,384.5,10.515537739484397,164.88132009999998
770,385.0,10.51845034539963,164.88132009999998
771,385.5,10.521537056437456,164.88132009999998
772,386.0,10.52462376747528,164.88132009999998
773,386.5,10.530699911124215,164.88132009999998
774,387.0,10.53677605477315,164.88132009999998
775,387.5,10.542099796650232,164.88132009999998
776,388.0,10.547423538527315,164.88132009999998
777,388.5,10.551009021389397,164.88132009999998
778,389.0,10.554594504251481,164.88132009999998
779,389.5,10.55769696292986,164.88132009999998
780,390.0,10.560799421608241,164.88132009999998
781,390.5,10.567758267350092,164.88132009999998
782,391.0,10.574717113091943,164.88132009999998
783,391.5,10.582092824215092,164.88132009999998
784,392.0,10.58946853533824,164.88132009999998
785,392.5,10.592023442973655,164.88132009999998
786,393.0,10.594578350609073,164.88132009999998
787,393.5,10.587623504796529,164.88132009999998
788,394.0,10.580668658983983,164.88132009999998
789,394.5,10.571871208793148,164.88132009999998
790,395.0,10.563073758602314,164.88132009999998
791,395.5,10.551308449436249,164.88132009999998
792,396.0,10.539543140270185,164.88132009999998
793,396.5,10.525626357126573,164.88132009999998
794,397.0,10.511709573982962,164.88132009999998
795,397.5,10.500608627099629,164.88132009999998
796,398.0,10.489507680216295,164.88132009999998
797,398.5,10.48351538863398,164.88132009999998
798,399.0,10.477523097051666,164.88132009999998
799,399.5,10.471496882162546,164.88132009999998
800,400.0,10.465470667273426,164.88132009999998
801,400.5,10.456707010254075,164.88132009999998
802,401.0,10.447943353234722,164.88132009999998
803,401.5,10.436838070543333,164.88132009999998
804,402.0,10.425732787851944,164.88132009999998
805,402.5,10.415313013949259,164.88132009999998
806,403.0,10.404893240046572,164.88132009999998
807,403.5,10.400005742763934,164.88132009999998
808,404.0,10.395118245481294,164.88132009999998
809,404.5,10.389453866311204,164.88132009999998
810,405.0,10.383789487141112,164.88132009999998
811,405.5,10.37902766348514,164.88132009999998
812,406.0,10.374265839829167,164.88132009999998
813,406.5,10.373229468552452,164.88132009999998
814,407.0,10.372193097275739,164.88132009999998
815,407.5,10.370807598921804,164.88132009999998
816,408.0,10.369422100567869,164.88132009999998
817,408.5,10.370407079341712,164.88132009999998
818,409.0,10.371392058115555,164.88132009999998
819,409.5,10.371595582760275,164.88132009999998
820,410.0,10.371799107404996,164.88132009999998
821,410.5,10.369800260783748,164.88132009999998
822,411.0,10.3678014141625,164.88132009999998
823,411.5,10.3624189141381,164.88132009999998
824,412.0,10.357036414113702,164.88132009999998
825,412.5,10.348944364644488,164.88132009999998
826,413.0,10.340852315175276,164.88132009999998
827,413.5,10.332159157831757,164.88132009999998
828,414.0,10.323466000488237,164.88132009999998
829,414.5,10.311769228613933,164.88132009999998
830,415.0,10.300072456739628,164.88132009999998
831,415.5,10.290341595182081,164.88132009999998
832,416.0,10.280610733624535,164.88132009999998
833,416.5,10.276539857773193,164.88132009999998
834,417.0,10.27246898192185,164.88132009999998
835,417.5,10.271196309478563,164.88132009999998
836,418.0,10.269923637035276,164.88132009999998
837,418.5,10.269501452270184,164.88132009999998
838,419.0,10.269079267505093,164.88132009999998
839,419.5,10.264078334456112,164.88132009999998
840,420.0,10.25907740140713,164.88132009999998
841,420.5,10.254415965942824,164.88132009999998
842,421.0,10.24975453047852,164.88132009999998
843,421.5,10.243527820706575,164.88132009999998
844,422.0,10.237301110934629,164.88132009999998
845,422.5,10.228981080840093,164.88132009999998
846,423.0,10.220661050745555,164.88132009999998
847,423.5,10.21610078219912,164.88132009999998
848,424.0,10.211540513652684,164.88132009999998
849,424.5,10.204794756868703,164.88132009999998
850,425.0,10.19804900008472,164.88132009999998
851,425.5,10.18925373433486,164.88132009999998
852,426.0,10.180458468585,164.88132009999998
853,426.5,10.17151310630176,164.88132009999998
854,427.0,10.162567744018519,164.88132009999998
855,427.5,10.150300120174073,164.88132009999998
856,428.0,10.138032496329629,164.88132009999998
857,428.5,10.130322440593286,164.88132009999998
858,429.0,10.122612384856945,164.88132009999998
859,429.5,10.118519804191529,164.88132009999998
860,430.0,10.11442722352611,164.88132009999998
861,430.5,10.112039806086528,164.88132009999998
862,431.0,10.109652388646944,164.88132009999998
863,431.5,10.105682507788844,164.88132009999998
864,432.0,10.101712626930743,164.88132009999998
865,432.5,10.094117812467317,164.88132009999998
866,433.0,10.08652299800389,164.88132009999998
867,433.5,10.076892490819212,164.88132009999998
868,434.0,10.067261983634536,164.88132009999998
869,434.5,10.05635584121185,164.88132009999998
870,435.0,10.045449698789167,164.88132009999998
871,435.5,10.035478553045138,164.88132009999998
872,436.0,10.025507407301111,164.88132009999998
873,436.5,10.016040412730185,164.88132009999998
874,437.0,10.00657341815926,164.88132009999998
875,437.5,9.996434621989815,164.88132009999998
876,438.0,9.98629582582037,164.88132009999998
877,438.5,9.97898886317023,164.88132009999998
878,439.0,9.97168190052009,164.88132009999998
879,439.5,9.964968338932222,164.88132009999998
880,440.0,9.958254777344353,164.88132009999998
881,440.5,9.953105510883333,164.88132009999998
882,441.0,9.947956244422311,164.88132009999998
883,441.5,9.944021582264998,164.88132009999998
884,442.0,9.940086920107685,164.88132009999998
885,442.5,9.936213239869769,164.88132009999998
886,443.0,9.932339559631853,164.88132009999998
887,443.5,9.928164214092176,164.88132009999998
888,444.0,9.923988868552499,164.88132009999998
889,444.5,9.92017991607537,164.88132009999998
890,445.0,9.91637096359824,164.88132009999998
891,445.5,9.91422789135685,164.88132009999998
892,446.0,9.91208481911546,164.88132009999998
893,446.5,9.908364848584302,164.88132009999998
894,447.0,9.904644878053146,164.88132009999998
895,447.5,9.902916637670321,164.88132009999998
896,448.0,9.901188397287497,164.88132009999998
897,448.5,9.900963823198238,164.88132009999998
898,449.0,9.900739249108979,164.88132009999998
899,449.5,9.902269907569398,164.88132009999998
900,450.0,9.903800566029815,164.88132009999998
901,450.5,9.901632495738705,164.88132009999998
902,451.0,9.899464425447594,164.88132009999998
903,451.5,9.901957881350508,164.88132009999998
904,452.0,9.904451337253425,164.88132009999998
905,452.5,9.907066877670136,164.88132009999998
906,453.0,9.909682418086849,164.88132009999998
907,453.5,9.913376363787915,164.88132009999998
908,454.0,9.917070309488983,164.88132009999998
909,454.5,9.920447555273103,164.88132009999998
910,455.0,9.923824801057224,164.88132009999998
911,455.5,9.927639975075511,164.88132009999998
912,456.0,9.931455149093798,164.88132009999998
913,456.5,9.936349278510558,164.88132009999998
914,457.0,9.941243407927317,164.88132009999998
915,457.5,9.945279260839538,164.88132009999998
916,458.0,9.94931511375176,164.88132009999998
917,458.5,9.950094891913704,164.88132009999998
918,459.0,9.950874670075649,164.88132009999998
919,459.5,9.952644595476992,164.88132009999998
920,460.0,9.954414520878334,164.88132009999998
921,460.5,9.95809188523847,164.88132009999998
922,461.0,9.961769249598609,164.88132009999998
923,461.5,9.968231725246664,164.88132009999998
924,462.0,9.974694200894719,164.88132009999998
925,462.5,9.981467586219951,164.88132009999998
926,463.0,9.988240971545183,164.88132009999998
927,463.5,9.993959313521156,164.88132009999998
928,464.0,9.999677655497127,164.88132009999998
929,464.5,10.005470110918239,164.88132009999998
930,465.0,10.01126256633935,164.88132009999998
931,465.5,10.013515013633333,164.88132009999998
932,466.0,10.015767460927314,164.88132009999998
933,466.5,10.015474380608934,164.88132009999998
934,467.0,10.015181300290553,164.88132009999998
935,467.5,10.010935645547868,164.88132009999998
936,468.0,10.006689990805182,164.88132009999998
937,468.5,9.998020440322312,164.88132009999998
938,469.0,9.989350889839443,164.88132009999998
939,469.5,9.981288995637406,164.88132009999998
940,470.0,9.973227101435368,164.88132009999998
941,470.5,9.965772596166897,164.88132009999998
942,471.0,9.958318090898423,164.88132009999998
943,471.5,9.951260375309674,164.88132009999998
944,472.0,9.944202659720926,164.88132009999998
945,472.5,9.939336657262963,164.88132009999998
946,473.0,9.934470654805,164.88132009999998
947,473.5,9.92978855948273,164.88132009999998
948,474.0,9.92510646416046,164.88132009999998
949,474.5,9.924799505770139,164.88132009999998
950,475.0,9.924492547379815,164.88132009999998
951,475.5,9.925295562034444,164.88132009999998
952,476.0,9.926098576689073,164.88132009999998
953,476.5,9.921658968616942,164.88132009999998
954,477.0,9.917219360544813,164.88132009999998
955,477.5,9.910749060463841,164.88132009999998
956,478.0,9.90427876038287,164.88132009999998
957,478.5,9.901995786187406,164.88132009999998
958,479.0,9.899712811991943,164.88132009999998
959,479.5,9.898871227074626,164.88132009999998
960,480.0,9.89802964215731,164.88132009999998
961,480.5,9.898190064969627,164.88132009999998
962,481.0,9.898350487781945,164.88132009999998
963,481.5,9.897007770130834,164.88132009999998
964,482.0,9.895665052479723,164.88132009999998
965,482.5,9.896571316366389,164.88132009999998
966,483.0,9.897477580253055,164.88132009999998
967,483.5,9.89555190767421,164.88132009999998
968,484.0,9.893626235095367,164.88132009999998
969,484.5,9.893301249871293,164.88132009999998
970,485.0,9.89297626464722,164.88132009999998
971,485.5,9.894843409255136,164.88132009999998
972,486.0,9.896710553863052,164.88132009999998
973,486.5,9.899843200808007,164.88132009999998
974,487.0,9.90297584775296,164.88132009999998
975,487.5,9.90833088013611,164.88132009999998
976,488.0,9.91368591251926,164.88132009999998
977,488.5,9.914578430331574,164.88132009999998
978,489.0,9.915470948143886,164.88132009999998
979,489.5,9.914331938459211,164.88132009999998
980,490.0,9.913192928774537,164.88132009999998
981,490.5,9.911572251382545,164.88132009999998
982,491.0,9.909951573990554,164.88132009999998
983,491.5,9.909358962753611,164.88132009999998
984,492.0,9.908766351516666,164.88132009999998
985,492.5,9.908142539013564,164.88132009999998
986,493.0,9.907518726510462,164.88132009999998
987,493.5,9.908495119853981,164.88132009999998
988,494.0,9.909471513197499,164.88132009999998
989,494.5,9.911043233337915,164.88132009999998
990,495.0,9.912614953478332,164.88132009999998
991,495.5,9.913243592459999,164.88132009999998
992,496.0,9.913872231441665,164.88132009999998
993,496.5,9.913658128217868,164.88132009999998
994,497.0,9.913444024994071,164.88132009999998
995,497.5,9.915849060238749,164.88132009999998
996,498.0,9.918254095483425,164.88132009999998
997,498.5,9.918219674354997,164.88132009999998
998,499.0,9.918185253226572,164.88132009999998
999,499.5,9.917011686840322,164.88132009999998
1000,500.0,9.915838120454074,164.88132009999998
1001,500.5,9.909367452835786,164.88132009999998
1002,501.0,9.902896785217498,164.88132009999998
1003,501.5,9.897959039088331,164.88132009999998
1004,502.0,9.893021292959164,164.88132009999998
1005,502.5,9.890726489187127,164.88132009999998
1006,503.0,9.88843168541509,164.88132009999998
1007,503.5,9.884246836868147,164.88132009999998
1008,504.0,9.880061988321204,164.88132009999998
1009,504.5,9.876171747450789,164.88132009999998
1010,505.0,9.872281506580373,164.88132009999998
1011,505.5,9.866564012532503,164.88132009999998
1012,506.0,9.860846518484632,164.88132009999998
1013,506.5,9.857116702214308,164.88132009999998
1014,507.0,9.853386885943983,164.88132009999998
1015,507.5,9.850162158685187,164.88132009999998
1016,508.0,9.846937431426388,164.88132009999998
1017,508.5,9.843335481864628,164.88132009999998
1018,509.0,9.83973353230287,164.88132009999998
1019,509.5,9.8351266062575,164.88132009999998
1020,510.0,9.830519680212129,164.88132009999998
1021,510.5,9.824927066613519,164.88132009999998
1022,511.0,9.819334453014907,164.88132009999998
1023,511.5,9.810758113466342,164.88132009999998
1024,512.0,9.802181773917777,164.88132009999998
1025,512.5,9.794167482800137,164.88132009999998
1026,513.0,9.7861531916825,164.88132009999998
1027,513.5,9.78064357440088,164.88132009999998
1028,514.0,9.775133957119259,164.88132009999998
1029,514.5,9.771108438679954,164.88132009999998
1030,515.0,9.76708292024065,164.88132009999998
1031,515.5,9.763633508646297,164.88132009999998
1032,516.0,9.760184097051946,164.88132009999998
1033,516.5,9.756461283283706,164.88132009999998
1034,517.0,9.752738469515464,164.88132009999998
1035,517.5,9.747023432842639,164.88132009999998
1036,518.0,9.741308396169815,164.88132009999998
1037,518.5,9.735597256033149,164.88132009999998
1038,519.0,9.729886115896482,164.88132009999998
1039,519.5,9.725192447171295,164.88132009999998
1040,520.0,9.72049877844611,164.88132009999998
1041,520.5,9.717748693002452,164.88132009999998
1042,521.0,9.714998607558796,164.88132009999998
1043,521.5,9.711964053894768,164.88132009999998
1044,522.0,9.708929500230742,164.88132009999998
1045,522.5,9.711446214377638,164.88132009999998
1046,523.0,9.713962928524536,164.88132009999998
1047,523.5,9.714260532814583,164.88132009999998
1048,524.0,9.71455813710463,164.88132009999998
1049,524.5,9.710491430127593,164.88132009999998
1050,525.0,9.706424723150555,164.88132009999998
1051,525.5,9.704649534903886,164.88132009999998
1052,526.0,9.70287434665722,164.88132009999998
1053,526.5,9.698830162551573,164.88132009999998
1054,527.0,9.694785978445925,164.88132009999998
1055,527.5,9.694858906147452,164.88132009999998
1056,528.0,9.69493183384898,164.88132009999998
1057,528.5,9.696372604109072,164.88132009999998
1058,529.0,9.697813374369163,164.88132009999998
1059,529.5,9.69959606942023,164.88132009999998
1060,530.0,9.701378764471295,164.88132009999998
1061,530.5,9.705386305836665,164.88132009999998
1062,531.0,9.709393847202033,164.88132009999998
1063,531.5,9.713183624794118,164.88132009999998
1064,532.0,9.716973402386202,164.88132009999998
1065,532.5,9.720572502975092,164.88132009999998
1066,533.0,9.724171603563981,164.88132009999998
1067,533.5,9.724780341226896,164.88132009999998
1068,534.0,9.725389078889814,164.88132009999998
1069,534.5,9.72298252135236,164.88132009999998
1070,535.0,9.720575963814907,164.88132009999998
1071,535.5,9.718387377879907,164.88132009999998
1072,536.0,9.716198791944906,164.88132009999998
1073,536.5,9.716865711494767,164.88132009999998
1074,537.0,9.717532631044628,164.88132009999998
1075,537.5,9.718797948421155,164.88132009999998
1076,538.0,9.720063265797682,164.88132009999998
1077,538.5,9.71748833251847,164.88132009999998
1078,539.0,9.714913399239258,164.88132009999998
1079,539.5,9.71337943547569,164.88132009999998
1080,540.0,9.711845471712126,164.88132009999998
1081,540.5,9.710672947376848,164.88132009999998
1082,541.0,9.70950042304157,164.88132009999998
1083,541.5,9.70820360792574,164.88132009999998
1084,542.0,9.706906792809907,164.88132009999998
1085,542.5,9.705506583801018,164.88132009999998
1086,543.0,9.70410637479213,164.88132009999998
1087,543.5,9.700844821620322,164.88132009999998
1088,544.0,9.697583268448517,164.88132009999998
1089,544.5,9.694724160218982,164.88132009999998
1090,545.0,9.691865051989446,164.88132009999998
1091,545.5,9.68800567091963,164.88132009999998
1092,546.0,9.684146289849815,164.88132009999998
1093,546.5,9.680400383579492,164.88132009999998
1094,547.0,9.676654477309167,164.88132009999998
1095,547.5,9.674481613315418,164.88132009999998
1096,548.0,9.672308749321667,164.88132009999998
1097,548.5,9.669438533330833,164.88132009999998
1098,549.0,9.66656831734,164.88132009999998
1099,549.5,9.664922814865786,164.88132009999998
1100,550.0,9.663277312391575,164.88132009999998
1101,550.5,9.65984580166713,164.88132009999998
1102,551.0,9.656414290942685,164.88132009999998
1103,551.5,9.655744165385833,164.88132009999998
1104,552.0,9.655074039828982,164.88132009999998
1105,552.5,9.657252222610602,164.88132009999998
1106,553.0,9.659430405392222,164.88132009999998
1107,553.5,9.661441081664538,164.88132009999998
1108,554.0,9.663451757936855,164.88132009999998
1109,554.5,9.664196164915465,164.88132009999998
1110,555.0,9.664940571894075,164.88132009999998
1111,555.5,9.66460672927398,164.88132009999998
1112,556.0,9.664272886653889,164.88132009999998
1113,556.5,9.665775707030601,164.88132009999998
1114,557.0,9.667278527407314,164.88132009999998
1115,557.5,9.665603347970972,164.88132009999998
1116,558.0,9.663928168534628,164.88132009999998
1117,558.5,9.661629388446851,164.88132009999998
1118,559.0,9.659330608359072,164.88132009999998
1119,559.5,9.655926929163147,164.88132009999998
1120,560.0,9.652523249967222,164.88132009999998
1121,560.5,9.654983744462267,164.88132009999998
1122,561.0,9.657444238957314,164.88132009999998
1123,561.5,9.655385630351528,164.88132009999998
1124,562.0,9.65332702174574,164.88132009999998
1125,562.5,9.648031039215649,164.88132009999998
1126,563.0,9.642735056685556,164.88132009999998
1127,563.5,9.639894561978842,164.88132009999998
1128,564.0,9.637054067272128,164.88132009999998
1129,564.5,9.633419503950787,164.88132009999998
1130,565.0,9.629784940629445,164.88132009999998
1131,565.5,9.624897955545139,164.88132009999998
1132,566.0,9.620010970460832,164.88132009999998
1133,566.5,9.611910907352222,164.88132009999998
1134,567.0,9.60381084424361,164.88132009999998
1135,567.5,9.595958638571618,164.88132009999998
1136,568.0,9.588106432899627,164.88132009999998
1137,568.5,9.581679587141247,164.88132009999998
1138,569.0,9.575252741382867,164.88132009999998
1139,569.5,9.570888888084859,164.88132009999998
1140,570.0,9.56652503478685,164.88132009999998
1141,570.5,9.56716376033625,164.88132009999998
1142,571.0,9.567802485885649,164.88132009999998
1143,571.5,9.567827260537639,164.88132009999998
1144,572.0,9.56785203518963,164.88132009999998
1145,572.5,9.570442008521852,164.88132009999998
1146,573.0,9.573031981854074,164.88132009999998
1147,573.5,9.574022105181944,164.88132009999998
1148,574.0,9.575012228509815,164.88132009999998
1149,574.5,9.574802845466296,164.88132009999998
1150,575.0,9.574593462422778,164.88132009999998
1151,575.5,9.573847147661805,164.88132009999998
1152,576.0,9.573100832900833,164.88132009999998
1153,576.5,9.572406284139305,164.88132009999998
1154,577.0,9.571711735377779,164.88132009999998
1155,577.5,9.569636228994401,164.88132009999998
1156,578.0,9.567560722611022,164.88132009999998
1157,578.5,9.566822209488798,164.88132009999998
1158,579.0,9.566083696366576,164.88132009999998
1159,579.5,9.56472287403889,164.88132009999998
1160,580.0,9.563362051711206,164.88132009999998
1161,580.5,9.56183626978713,164.88132009999998
1162,581.0,9.560310487863056,164.88132009999998
1163,581.5,9.558607706478657,164.88132009999998
1164,582.0,9.55690492509426,164.88132009999998
1165,582.5,9.548088520436483,164.88132009999998
1166,583.0,9.539272115778704,164.88132009999998
1167,583.5,9.530713904147824,164.88132009999998
1168,584.0,9.522155692516945,164.88132009999998
1169,584.5,9.521975823002872,164.88132009999998
1170,585.0,9.521795953488798,164.88132009999998
1171,585.5,9.524682458593382,164.88132009999998
1172,586.0,9.527568963697965,164.88132009999998
1173,586.5,9.530713786377964,164.88132009999998
1174,587.0,9.533858609057964,164.88132009999998
1175,587.5,9.53408613864185,164.88132009999998
1176,588.0,9.534313668225739,164.88132009999998
1177,588.5,9.538068651565276,164.88132009999998
1178,589.0,9.541823634904812,164.88132009999998
1179,589.5,9.540322443044674,164.88132009999998
1180,590.0,9.538821251184537,164.88132009999998
1181,590.5,9.533549338177082,164.88132009999998
1182,591.0,9.528277425169627,164.88132009999998
1183,591.5,9.526042834423562,164.88132009999998
1184,592.0,9.523808243677497,164.88132009999998
1185,592.5,9.522484516397867,164.88132009999998
1186,593.0,9.521160789118237,164.88132009999998
1187,593.5,9.518850967938377,164.88132009999998
1188,594.0,9.516541146758517,164.88132009999998
1189,594.5,9.518305069398007,164.88132009999998
1190,595.0,9.520068992037498,164.88132009999998
1191,595.5,9.520448920812544,164.88132009999998
1192,596.0,9.520828849587591,164.88132009999998
1193,596.5,9.523343281263703,164.88132009999998
1194,597.0,9.525857712939816,164.88132009999998
1195,597.5,9.5250986536325,164.88132009999998
1196,598.0,9.524339594325186,164.88132009999998
1197,598.5,9.526443943001944,164.88132009999998
1198,599.0,9.528548291678703,164.88132009999998
1199,599.5,9.528548291678703,164.88132009999998
